date,temperature_c,ice_creams_sold
2024-01-01,22.54,95
2024-01-02,19.16,77
2024-01-03,23.92,102
2024-01-04,24.52,100
2024-01-05,17.11,70
2024-01-06,18.91,82
2024-01-07,22.74,104
2024-01-08,21.7,94
2024-01-09,22.6,80
2024-01-10,20.54,66
2024-01-11,25.16,112
2024-01-12,25.01,113
2024-01-13,23.28,93
2024-01-14,26.16,101
2024-01-15,24.56,102
2024-01-16,21.24,93
2024-01-17,24.55,115
2024-01-18,21.22,90
2024-01-19,26.12,107
2024-01-20,23.83,96
2024-01-21,23.61,102
2024-01-22,22.44,89
2024-01-23,27.52,109
2024-01-24,24.06,114
2024-01-25,23.48,110
2024-01-26,23.8,106
2024-01-27,26.23,108
2024-01-28,25.92,120
2024-01-29,26.17,115
2024-01-30,26.35,114
2024-01-31,30.92,145
2024-02-01,24.43,106
2024-02-02,24.28,106
2024-02-03,23.63,107
2024-02-04,27.47,124
2024-02-05,28.94,111
2024-02-06,25.83,109
2024-02-07,24.07,95
2024-02-08,24.24,90
2024-02-09,28.21,133
2024-02-10,28.58,141
2024-02-11,28.18,136
2024-02-12,25.17,107
2024-02-13,27.63,128
2024-02-14,27.46,117
2024-02-15,27.85,120
2024-02-16,29.68,121
2024-02-17,28.12,128
2024-02-18,29.43,133
2024-02-19,27.96,110
2024-02-20,28.67,123
2024-02-21,29.68,128
2024-02-22,24.37,114
2024-02-23,27.45,123
2024-02-24,27.18,120
2024-02-25,26.87,120
2024-02-26,27.94,119
2024-02-27,32.66,145
2024-02-28,26.64,104
2024-02-29,31.53,138
2024-03-01,24.75,97
2024-03-02,28.37,117
2024-03-03,29.78,138
2024-03-04,31.0,139
2024-03-05,31.44,126
2024-03-06,31.76,140
2024-03-07,28.91,132
2024-03-08,28.72,131
2024-03-09,32.26,157
2024-03-10,29.64,134
2024-03-11,26.93,107
2024-03-12,27.41,108
2024-03-13,28.07,122
2024-03-14,31.85,144
2024-03-15,31.03,146
2024-03-16,32.56,159
2024-03-17,29.75,133
2024-03-18,31.37,129
2024-03-19,32.68,144
2024-03-20,30.35,134
2024-03-21,32.43,144
2024-03-22,29.61,124
2024-03-23,30.48,140
2024-03-24,30.52,135
2024-03-25,28.49,117
2024-03-26,32.95,151
2024-03-27,30.55,131
2024-03-28,31.88,144
2024-03-29,33.18,152
2024-03-30,33.17,146
2024-03-31,33.81,155
2024-04-01,31.9,153
2024-04-02,31.13,129
2024-04-03,32.09,127
2024-04-04,27.98,105
2024-04-05,28.68,123
2024-04-06,29.06,131
2024-04-07,29.97,135
2024-04-08,33.67,162
2024-04-09,30.33,113
2024-04-10,31.76,144
2024-04-11,36.18,180
2024-04-12,31.93,134
2024-04-13,34.82,162
2024-04-14,30.53,133
2024-04-15,32.47,139
2024-04-16,30.58,132
2024-04-17,32.21,154
2024-04-18,35.32,177
2024-04-19,28.68,121
2024-04-20,34.34,176
2024-04-21,33.86,159
2024-04-22,31.73,154
2024-04-23,29.54,127
2024-04-24,33.52,153
2024-04-25,31.98,145
2024-04-26,33.99,178
2024-04-27,33.46,163
2024-04-28,37.59,178
2024-04-29,32.82,155
2024-04-30,30.79,133
2024-05-01,33.93,151
2024-05-02,34.05,162
2024-05-03,37.02,175
2024-05-04,35.67,172
2024-05-05,34.43,162
2024-05-06,37.3,179
2024-05-07,30.41,136
2024-05-08,31.83,127
2024-05-09,31.08,142
2024-05-10,32.47,138
2024-05-11,29.9,124
2024-05-12,35.12,166
2024-05-13,32.87,148
2024-05-14,29.61,123
2024-05-15,30.78,141
2024-05-16,34.21,146
2024-05-17,35.55,162
2024-05-18,38.54,185
2024-05-19,40.9,206
2024-05-20,34.37,159
2024-05-21,30.69,127
2024-05-22,27.69,123
2024-05-23,33.89,154
2024-05-24,31.04,123
2024-05-25,32.04,133
2024-05-26,31.48,144
2024-05-27,32.66,145
2024-05-28,35.76,165
2024-05-29,33.34,150
2024-05-30,32.47,147
2024-05-31,30.14,139
2024-06-01,28.43,119
2024-06-02,31.46,135
2024-06-03,32.53,137
2024-06-04,37.2,178
2024-06-05,32.88,157
2024-06-06,35.03,158
2024-06-07,31.11,118
2024-06-08,29.26,119
2024-06-09,29.77,128
2024-06-10,30.32,128
2024-06-11,37.66,176
2024-06-12,29.92,131
2024-06-13,34.16,153
2024-06-14,29.55,136
2024-06-15,34.24,156
2024-06-16,32.74,145
2024-06-17,31.25,142
2024-06-18,31.46,128
2024-06-19,29.78,132
2024-06-20,32.55,147
2024-06-21,30.12,130
2024-06-22,28.02,137
2024-06-23,27.79,119
2024-06-24,31.47,155
2024-06-25,35.03,160
2024-06-26,31.24,128
2024-06-27,30.42,134
2024-06-28,31.37,131
2024-06-29,33.92,154
2024-06-30,30.99,144
2024-07-01,29.25,131
2024-07-02,33.08,144
2024-07-03,31.22,145
2024-07-04,33.98,163
2024-07-05,30.36,144
2024-07-06,26.59,121
2024-07-07,26.1,125
2024-07-08,33.84,140
2024-07-09,33.91,152
2024-07-10,28.85,118
2024-07-11,28.2,122
2024-07-12,32.88,143
2024-07-13,26.09,113
2024-07-14,26.52,131
2024-07-15,30.4,132
2024-07-16,27.58,120
2024-07-17,28.47,120
2024-07-18,27.94,120
2024-07-19,29.12,126
2024-07-20,31.78,149
2024-07-21,28.23,134
2024-07-22,29.54,140
2024-07-23,22.41,93
2024-07-24,27.49,121
2024-07-25,25.3,97
2024-07-26,24.19,99
2024-07-27,24.95,116
2024-07-28,26.24,122
2024-07-29,29.36,129
2024-07-30,23.4,103
2024-07-31,26.8,117
2024-08-01,25.34,114
2024-08-02,25.62,109
2024-08-03,28.95,127
2024-08-04,27.61,125
2024-08-05,29.56,106
2024-08-06,25.55,109
2024-08-07,24.01,71
2024-08-08,25.11,91
2024-08-09,26.2,113
2024-08-10,25.9,117
2024-08-11,22.49,88
2024-08-12,25.41,101
2024-08-13,25.64,117
2024-08-14,31.47,136
2024-08-15,29.68,146
2024-08-16,22.45,91
2024-08-17,23.79,106
2024-08-18,20.61,100
2024-08-19,22.75,94
2024-08-20,24.98,96
2024-08-21,27.17,114
2024-08-22,22.02,89
2024-08-23,22.09,79
2024-08-24,18.09,75
2024-08-25,23.12,94
2024-08-26,20.66,90
2024-08-27,21.93,89
2024-08-28,20.9,82
2024-08-29,22.82,92
2024-08-30,18.38,75
2024-08-31,19.01,86
2024-09-01,28.25,118
2024-09-02,19.25,69
2024-09-03,19.63,87
2024-09-04,27.15,112
2024-09-05,29.81,119
2024-09-06,19.1,80
2024-09-07,21.08,93
2024-09-08,22.81,87
2024-09-09,26.31,112
2024-09-10,19.15,82
2024-09-11,20.97,87
2024-09-12,23.52,101
2024-09-13,22.53,81
2024-09-14,20.32,89
2024-09-15,20.85,87
2024-09-16,17.53,66
2024-09-17,20.39,88
2024-09-18,20.22,92
2024-09-19,21.42,100
2024-09-20,19.28,87
2024-09-21,21.86,93
2024-09-22,23.18,102
2024-09-23,20.86,90
2024-09-24,21.28,87
2024-09-25,20.42,83
2024-09-26,20.2,87
2024-09-27,18.24,72
2024-09-28,20.86,84
2024-09-29,19.71,81
2024-09-30,25.33,110
2024-10-01,23.9,98
2024-10-02,20.75,86
2024-10-03,17.69,75
2024-10-04,16.71,64
2024-10-05,22.63,103
2024-10-06,20.16,89
2024-10-07,20.66,74
2024-10-08,14.81,70
2024-10-09,21.7,84
2024-10-10,20.42,70
2024-10-11,16.29,57
2024-10-12,17.9,69
2024-10-13,19.76,85
2024-10-14,19.16,75
2024-10-15,18.22,70
2024-10-16,18.67,79
2024-10-17,18.24,75
2024-10-18,19.25,79
2024-10-19,22.64,100
2024-10-20,12.11,60
2024-10-21,18.13,56
2024-10-22,19.17,74
2024-10-23,19.45,61
2024-10-24,17.69,71
2024-10-25,14.06,57
2024-10-26,19.46,91
2024-10-27,23.08,108
2024-10-28,14.58,60
2024-10-29,20.8,80
2024-10-30,17.68,74
2024-10-31,18.37,69
2024-11-01,15.78,63
2024-11-02,17.64,83
2024-11-03,21.88,89
2024-11-04,20.02,86
2024-11-05,23.0,99
2024-11-06,21.56,80
2024-11-07,19.65,86
2024-11-08,23.04,99
2024-11-09,19.66,84
2024-11-10,20.68,82
2024-11-11,17.77,64
2024-11-12,18.73,71
2024-11-13,16.76,71
2024-11-14,21.16,78
2024-11-15,15.55,65
2024-11-16,20.67,79
2024-11-17,18.17,76
2024-11-18,21.73,89
2024-11-19,20.67,101
2024-11-20,23.48,86
2024-11-21,20.68,94
2024-11-22,14.73,60
2024-11-23,18.69,83
2024-11-24,15.85,69
2024-11-25,17.59,73
2024-11-26,22.92,92
2024-11-27,20.69,94
2024-11-28,17.27,65
2024-11-29,16.5,74
2024-11-30,19.27,77
2024-12-01,16.08,69
2024-12-02,17.55,62
2024-12-03,20.17,84
2024-12-04,22.42,102
2024-12-05,21.06,84
2024-12-06,13.59,53
2024-12-07,20.4,79
2024-12-08,19.87,83
2024-12-09,20.83,72
2024-12-10,24.03,92
2024-12-11,14.53,60
2024-12-12,18.44,83
2024-12-13,21.59,108
2024-12-14,16.02,64
2024-12-15,24.05,115
2024-12-16,21.25,88
2024-12-17,22.58,91
2024-12-18,18.98,79
2024-12-19,22.67,93
2024-12-20,23.42,97
2024-12-21,21.34,88
2024-12-22,21.44,81
2024-12-23,21.62,76
2024-12-24,18.77,80
2024-12-25,20.73,81
2024-12-26,20.82,79
2024-12-27,22.31,91
2024-12-28,24.01,110
2024-12-29,18.76,81
2024-12-30,21.3,81
2024-12-31,25.58,116
2025-01-01,19.9,92
2025-01-02,19.8,83
2025-01-03,22.58,99
2025-01-04,24.35,115
2025-01-05,22.3,104
2025-01-06,25.84,113
2025-01-07,24.72,107
2025-01-08,24.8,107
2025-01-09,24.17,91
2025-01-10,28.9,130
2025-01-11,22.43,86
2025-01-12,17.87,70
2025-01-13,27.37,126
2025-01-14,22.13,96
2025-01-15,23.72,109
2025-01-16,26.97,112
2025-01-17,19.52,69
2025-01-18,20.55,86
2025-01-19,19.77,85
2025-01-20,21.99,90
2025-01-21,25.32,114
2025-01-22,25.67,104
2025-01-23,25.15,107
2025-01-24,20.88,77
2025-01-25,18.68,83
2025-01-26,24.95,109
2025-01-27,23.71,92
2025-01-28,26.26,108
2025-01-29,27.02,113
2025-01-30,25.68,105
2025-01-31,27.43,130
2025-02-01,26.18,114
2025-02-02,27.09,118
2025-02-03,24.01,83
2025-02-04,25.5,100
2025-02-05,26.61,110
2025-02-06,28.36,116
2025-02-07,25.33,116
2025-02-08,27.84,122
2025-02-09,25.92,123
2025-02-10,26.44,112
2025-02-11,29.03,125
2025-02-12,21.81,88
2025-02-13,23.75,98
2025-02-14,23.4,109
2025-02-15,21.31,74
2025-02-16,25.74,98
2025-02-17,29.58,124
2025-02-18,27.02,114
2025-02-19,28.4,127
2025-02-20,30.84,139
2025-02-21,31.58,137
2025-02-22,28.07,133
2025-02-23,31.9,155
2025-02-24,28.74,125
2025-02-25,26.44,118
2025-02-26,27.2,117
2025-02-27,25.01,100
2025-02-28,26.67,118
2025-03-01,28.17,126
2025-03-02,31.3,143
2025-03-03,33.8,165
2025-03-04,25.85,90
2025-03-05,30.58,123
2025-03-06,26.97,105
2025-03-07,31.02,134
2025-03-08,29.55,131
2025-03-09,25.24,99
2025-03-10,32.53,138
2025-03-11,28.65,117
2025-03-12,28.94,143
2025-03-13,27.65,131
2025-03-14,28.83,121
2025-03-15,31.75,143
2025-03-16,30.25,128
2025-03-17,31.69,126
2025-03-18,31.88,141
2025-03-19,34.47,150
2025-03-20,30.24,131
2025-03-21,27.38,104
2025-03-22,34.09,155
2025-03-23,30.54,140
2025-03-24,34.39,160
2025-03-25,32.57,149
2025-03-26,31.32,128
2025-03-27,32.65,153
2025-03-28,36.9,167
2025-03-29,37.31,186
2025-03-30,32.17,148
2025-03-31,32.48,135
2025-04-01,34.94,158
2025-04-02,30.01,134
2025-04-03,33.15,154
2025-04-04,32.29,143
2025-04-05,33.24,166
2025-04-06,30.32,145
2025-04-07,28.42,120
2025-04-08,27.22,121
2025-04-09,29.77,144
2025-04-10,31.54,154
2025-04-11,32.02,133
2025-04-12,37.88,178
2025-04-13,35.77,182
2025-04-14,30.44,125
2025-04-15,33.89,144
2025-04-16,31.98,139
2025-04-17,32.34,148
2025-04-18,33.6,151
2025-04-19,34.77,160
2025-04-20,32.32,144
2025-04-21,36.0,162
2025-04-22,30.3,126
2025-04-23,33.31,168
2025-04-24,40.08,198
2025-04-25,33.93,161
2025-04-26,37.1,176
2025-04-27,33.64,156
2025-04-28,34.93,155
2025-04-29,33.29,130
2025-04-30,33.01,138
2025-05-01,31.44,126
2025-05-02,34.6,142
2025-05-03,31.27,134
2025-05-04,35.22,177
2025-05-05,36.32,169
2025-05-06,34.45,167
2025-05-07,32.76,150
2025-05-08,34.68,165
2025-05-09,32.69,140
2025-05-10,35.92,176
2025-05-11,28.72,134
2025-05-12,32.59,142
2025-05-13,28.28,125
2025-05-14,29.55,132
2025-05-15,36.97,170
2025-05-16,35.73,157
2025-05-17,31.51,136
2025-05-18,29.45,133
2025-05-19,25.62,109
2025-05-20,31.89,136
2025-05-21,39.56,192
2025-05-22,34.37,161
2025-05-23,31.75,146
2025-05-24,34.37,174
2025-05-25,29.07,140
2025-05-26,32.31,137
2025-05-27,33.3,163
2025-05-28,32.77,143
2025-05-29,35.0,169
2025-05-30,33.79,154
2025-05-31,34.58,160
2025-06-01,31.0,128
2025-06-02,35.07,160
2025-06-03,36.92,162
2025-06-04,30.1,139
2025-06-05,30.25,144
2025-06-06,35.97,161
2025-06-07,31.93,149
2025-06-08,36.01,167
2025-06-09,31.14,133
2025-06-10,36.01,173
2025-06-11,32.49,145
2025-06-12,32.75,160
2025-06-13,36.07,164
2025-06-14,30.98,149
2025-06-15,29.39,133
2025-06-16,30.59,140
2025-06-17,32.85,144
2025-06-18,27.52,117
2025-06-19,33.16,149
2025-06-20,30.01,125
2025-06-21,34.31,167
2025-06-22,25.01,114
2025-06-23,29.09,130
2025-06-24,26.66,124
2025-06-25,28.8,135
2025-06-26,31.49,137
2025-06-27,30.28,135
2025-06-28,29.99,131
2025-06-29,30.13,137
2025-06-30,30.97,132
2025-07-01,27.72,130
2025-07-02,32.07,146
2025-07-03,31.85,140
2025-07-04,31.02,146
2025-07-05,31.36,127
2025-07-06,30.57,124
2025-07-07,34.98,167
2025-07-08,29.35,127
2025-07-09,28.66,125
2025-07-10,27.39,106
2025-07-11,26.55,112
2025-07-12,25.88,128
2025-07-13,26.68,124
2025-07-14,28.69,125
2025-07-15,29.63,125
2025-07-16,28.77,121
2025-07-17,26.52,96
2025-07-18,30.73,137
2025-07-19,30.19,143
2025-07-20,27.73,111
2025-07-21,26.33,106
2025-07-22,29.32,118
2025-07-23,28.26,114
2025-07-24,23.88,99
2025-07-25,27.34,100
2025-07-26,28.08,130
2025-07-27,24.93,114
2025-07-28,27.63,116
2025-07-29,23.23,76
2025-07-30,30.36,125
2025-07-31,30.0,140
2025-08-01,25.97,88
2025-08-02,27.44,119
2025-08-03,20.1,77
2025-08-04,23.24,101
2025-08-05,25.35,100
2025-08-06,23.2,98
2025-08-07,27.71,122
2025-08-08,30.92,150
2025-08-09,22.54,95
2025-08-10,23.29,103
2025-08-11,25.95,97
2025-08-12,29.4,136
2025-08-13,21.9,83
2025-08-14,25.6,103
2025-08-15,29.56,128
2025-08-16,20.41,75
2025-08-17,21.24,92
2025-08-18,23.35,103
2025-08-19,22.97,96
2025-08-20,26.31,99
2025-08-21,24.7,101
2025-08-22,19.33,83
2025-08-23,25.16,95
2025-08-24,22.2,87
2025-08-25,26.89,120
2025-08-26,21.82,90
2025-08-27,21.68,91
2025-08-28,24.62,116
2025-08-29,25.08,108
2025-08-30,24.14,109
2025-08-31,18.48,99
2025-09-01,24.14,98
2025-09-02,19.94,74
2025-09-03,23.12,98
2025-09-04,18.7,78
2025-09-05,23.45,92
2025-09-06,20.08,78
2025-09-07,18.73,97
2025-09-08,23.81,100
2025-09-09,22.47,86
2025-09-10,20.14,88
2025-09-11,25.41,105
2025-09-12,20.38,80
2025-09-13,21.51,96
2025-09-14,22.02,85
2025-09-15,19.61,81
2025-09-16,22.35,105
2025-09-17,19.64,82
2025-09-18,19.86,77
2025-09-19,24.38,97
2025-09-20,18.04,74
2025-09-21,14.38,61
2025-09-22,24.75,100
2025-09-23,27.1,122
2025-09-24,19.34,64
2025-09-25,15.27,68
2025-09-26,19.41,75
2025-09-27,19.4,85
2025-09-28,19.57,75
2025-09-29,17.09,78
2025-09-30,21.41,96
2025-10-01,21.2,93
2025-10-02,15.87,52
2025-10-03,21.51,93
2025-10-04,24.96,112
2025-10-05,20.0,73
2025-10-06,18.61,74
2025-10-07,19.06,79
2025-10-08,20.96,89
2025-10-09,14.81,61
2025-10-10,19.68,81
2025-10-11,18.18,89
2025-10-12,23.94,113
2025-10-13,18.64,53
2025-10-14,23.38,93
2025-10-15,16.12,63
2025-10-16,20.47,69
2025-10-17,19.74,80
2025-10-18,16.6,81
2025-10-19,19.29,74
2025-10-20,21.94,91
2025-10-21,17.91,65
2025-10-22,14.32,53
2025-10-23,18.65,85
2025-10-24,16.32,61
2025-10-25,17.75,79
2025-10-26,18.4,64
2025-10-27,14.16,71
2025-10-28,14.37,62
2025-10-29,19.81,78
2025-10-30,17.18,73
2025-10-31,11.86,39
2025-11-01,20.56,97
2025-11-02,19.22,79
2025-11-03,16.65,65
2025-11-04,15.08,57
2025-11-05,20.67,79
2025-11-06,19.41,83
2025-11-07,24.7,104
2025-11-08,19.6,88
2025-11-09,19.52,83
2025-11-10,18.09,76
2025-11-11,20.66,80
2025-11-12,20.18,98
2025-11-13,21.82,77
2025-11-14,17.23,78
2025-11-15,17.47,85
2025-11-16,17.38,68
2025-11-17,20.71,100
2025-11-18,22.58,99
2025-11-19,17.52,77
2025-11-20,17.64,70
2025-11-21,19.59,77
2025-11-22,18.17,76
2025-11-23,21.32,94
2025-11-24,13.03,64
2025-11-25,16.78,68
2025-11-26,16.94,61
2025-11-27,12.99,59
2025-11-28,16.56,73
2025-11-29,16.74,77
2025-11-30,18.65,85
2025-12-01,22.12,88
2025-12-02,18.65,67
2025-12-03,16.66,60
2025-12-04,19.25,65
2025-12-05,22.19,92
2025-12-06,16.99,72
2025-12-07,17.23,70
2025-12-08,21.12,63
2025-12-09,19.16,67
2025-12-10,21.49,95
2025-12-11,19.84,75
2025-12-12,21.78,91
2025-12-13,17.34,64
2025-12-14,20.08,96
2025-12-15,19.64,78
2025-12-16,17.11,70
2025-12-17,16.29,82
2025-12-18,22.23,102
2025-12-19,19.62,76
2025-12-20,17.96,72
2025-12-21,20.46,85
2025-12-22,23.74,101
2025-12-23,14.97,59
2025-12-24,17.1,65
2025-12-25,18.69,86
2025-12-26,24.99,103
2025-12-27,22.02,112
2025-12-28,23.38,101
2025-12-29,18.53,87
2025-12-30,18.68,77
